split,class,case_id,path
train,51_OtherNeoplasms,BraTS-SSA-00170-000,/home/dell/software/BraTs Africa/BraTS-Africa Dataset/BraTS-Africa/51_OtherNeoplasms/BraTS-SSA-00170-000
train,51_OtherNeoplasms,BraTS-SSA-00166-000,/home/dell/software/BraTs Africa/BraTS-Africa Dataset/BraTS-Africa/51_OtherNeoplasms/BraTS-SSA-00166-000
train,51_OtherNeoplasms,BraTS-SSA-00153-000,/home/dell/software/BraTs Africa/BraTS-Africa Dataset/BraTS-Africa/51_OtherNeoplasms/BraTS-SSA-00153-000
train,51_OtherNeoplasms,BraTS-SSA-00111-000,/home/dell/software/BraTs Africa/BraTS-Africa Dataset/BraTS-Africa/51_OtherNeoplasms/BraTS-SSA-00111-000
train,51_OtherNeoplasms,BraTS-SSA-00062-000,/home/dell/software/BraTs Africa/BraTS-Africa Dataset/BraTS-Africa/51_OtherNeoplasms/BraTS-SSA-00062-000
train,51_OtherNeoplasms,BraTS-SSA-00211-000,/home/dell/software/BraTs Africa/BraTS-Africa Dataset/BraTS-Africa/51_OtherNeoplasms/BraTS-SSA-00211-000
train,51_OtherNeoplasms,BraTS-SSA-00177-000,/home/dell/software/BraTs Africa/BraTS-Africa Dataset/BraTS-Africa/51_OtherNeoplasms/BraTS-SSA-00177-000
train,51_OtherNeoplasms,BraTS-SSA-00106-000,/home/dell/software/BraTs Africa/BraTS-Africa Dataset/BraTS-Africa/51_OtherNeoplasms/BraTS-SSA-00106-000
train,51_OtherNeoplasms,BraTS-SSA-00183-000,/home/dell/software/BraTs Africa/BraTS-Africa Dataset/BraTS-Africa/51_OtherNeoplasms/BraTS-SSA-00183-000
train,51_OtherNeoplasms,BraTS-SSA-00147-000,/home/dell/software/BraTs Africa/BraTS-Africa Dataset/BraTS-Africa/51_OtherNeoplasms/BraTS-SSA-00147-000
train,51_OtherNeoplasms,BraTS-SSA-00186-000,/home/dell/software/BraTs Africa/BraTS-Africa Dataset/BraTS-Africa/51_OtherNeoplasms/BraTS-SSA-00186-000
train,51_OtherNeoplasms,BraTS-SSA-00164-000,/home/dell/software/BraTs Africa/BraTS-Africa Dataset/BraTS-Africa/51_OtherNeoplasms/BraTS-SSA-00164-000
train,51_OtherNeoplasms,BraTS-SSA-00114-000,/home/dell/software/BraTs Africa/BraTS-Africa Dataset/BraTS-Africa/51_OtherNeoplasms/BraTS-SSA-00114-000
train,51_OtherNeoplasms,BraTS-SSA-00045-000,/home/dell/software/BraTs Africa/BraTS-Africa Dataset/BraTS-Africa/51_OtherNeoplasms/BraTS-SSA-00045-000
train,51_OtherNeoplasms,BraTS-SSA-00201-000,/home/dell/software/BraTs Africa/BraTS-Africa Dataset/BraTS-Africa/51_OtherNeoplasms/BraTS-SSA-00201-000
train,51_OtherNeoplasms,BraTS-SSA-00200-000,/home/dell/software/BraTs Africa/BraTS-Africa Dataset/BraTS-Africa/51_OtherNeoplasms/BraTS-SSA-00200-000
train,51_OtherNeoplasms,BraTS-SSA-00108-000,/home/dell/software/BraTs Africa/BraTS-Africa Dataset/BraTS-Africa/51_OtherNeoplasms/BraTS-SSA-00108-000
train,51_OtherNeoplasms,BraTS-SSA-00168-000,/home/dell/software/BraTs Africa/BraTS-Africa Dataset/BraTS-Africa/51_OtherNeoplasms/BraTS-SSA-00168-000
train,51_OtherNeoplasms,BraTS-SSA-00193-000,/home/dell/software/BraTs Africa/BraTS-Africa Dataset/BraTS-Africa/51_OtherNeoplasms/BraTS-SSA-00193-000
train,51_OtherNeoplasms,BraTS-SSA-00009-000,/home/dell/software/BraTs Africa/BraTS-Africa Dataset/BraTS-Africa/51_OtherNeoplasms/BraTS-SSA-00009-000
train,51_OtherNeoplasms,BraTS-SSA-00208-000,/home/dell/software/BraTs Africa/BraTS-Africa Dataset/BraTS-Africa/51_OtherNeoplasms/BraTS-SSA-00208-000
train,51_OtherNeoplasms,BraTS-SSA-00151-000,/home/dell/software/BraTs Africa/BraTS-Africa Dataset/BraTS-Africa/51_OtherNeoplasms/BraTS-SSA-00151-000
train,51_OtherNeoplasms,BraTS-SSA-00190-000,/home/dell/software/BraTs Africa/BraTS-Africa Dataset/BraTS-Africa/51_OtherNeoplasms/BraTS-SSA-00190-000
train,51_OtherNeoplasms,BraTS-SSA-00229-000,/home/dell/software/BraTs Africa/BraTS-Africa Dataset/BraTS-Africa/51_OtherNeoplasms/BraTS-SSA-00229-000
train,51_OtherNeoplasms,BraTS-SSA-00204-000,/home/dell/software/BraTs Africa/BraTS-Africa Dataset/BraTS-Africa/51_OtherNeoplasms/BraTS-SSA-00204-000
test,51_OtherNeoplasms,BraTS-SSA-00185-000,/home/dell/software/BraTs Africa/BraTS-Africa Dataset/BraTS-Africa/51_OtherNeoplasms/BraTS-SSA-00185-000
test,51_OtherNeoplasms,BraTS-SSA-00182-000,/home/dell/software/BraTs Africa/BraTS-Africa Dataset/BraTS-Africa/51_OtherNeoplasms/BraTS-SSA-00182-000
test,51_OtherNeoplasms,BraTS-SSA-00156-000,/home/dell/software/BraTs Africa/BraTS-Africa Dataset/BraTS-Africa/51_OtherNeoplasms/BraTS-SSA-00156-000
test,51_OtherNeoplasms,BraTS-SSA-00165-000,/home/dell/software/BraTs Africa/BraTS-Africa Dataset/BraTS-Africa/51_OtherNeoplasms/BraTS-SSA-00165-000
test,51_OtherNeoplasms,BraTS-SSA-00205-000,/home/dell/software/BraTs Africa/BraTS-Africa Dataset/BraTS-Africa/51_OtherNeoplasms/BraTS-SSA-00205-000
test,51_OtherNeoplasms,BraTS-SSA-00216-000,/home/dell/software/BraTs Africa/BraTS-Africa Dataset/BraTS-Africa/51_OtherNeoplasms/BraTS-SSA-00216-000
test,51_OtherNeoplasms,BraTS-SSA-00196-000,/home/dell/software/BraTs Africa/BraTS-Africa Dataset/BraTS-Africa/51_OtherNeoplasms/BraTS-SSA-00196-000
test,51_OtherNeoplasms,BraTS-SSA-00187-000,/home/dell/software/BraTs Africa/BraTS-Africa Dataset/BraTS-Africa/51_OtherNeoplasms/BraTS-SSA-00187-000
test,51_OtherNeoplasms,BraTS-SSA-00209-000,/home/dell/software/BraTs Africa/BraTS-Africa Dataset/BraTS-Africa/51_OtherNeoplasms/BraTS-SSA-00209-000
test,51_OtherNeoplasms,BraTS-SSA-00123-000,/home/dell/software/BraTs Africa/BraTS-Africa Dataset/BraTS-Africa/51_OtherNeoplasms/BraTS-SSA-00123-000
test,51_OtherNeoplasms,BraTS-SSA-00231-000,/home/dell/software/BraTs Africa/BraTS-Africa Dataset/BraTS-Africa/51_OtherNeoplasms/BraTS-SSA-00231-000
test,51_OtherNeoplasms,BraTS-SSA-00224-000,/home/dell/software/BraTs Africa/BraTS-Africa Dataset/BraTS-Africa/51_OtherNeoplasms/BraTS-SSA-00224-000
test,51_OtherNeoplasms,BraTS-SSA-00040-000,/home/dell/software/BraTs Africa/BraTS-Africa Dataset/BraTS-Africa/51_OtherNeoplasms/BraTS-SSA-00040-000
test,51_OtherNeoplasms,BraTS-SSA-00181-000,/home/dell/software/BraTs Africa/BraTS-Africa Dataset/BraTS-Africa/51_OtherNeoplasms/BraTS-SSA-00181-000
test,51_OtherNeoplasms,BraTS-SSA-00197-000,/home/dell/software/BraTs Africa/BraTS-Africa Dataset/BraTS-Africa/51_OtherNeoplasms/BraTS-SSA-00197-000
test,51_OtherNeoplasms,BraTS-SSA-00073-000,/home/dell/software/BraTs Africa/BraTS-Africa Dataset/BraTS-Africa/51_OtherNeoplasms/BraTS-SSA-00073-000
test,51_OtherNeoplasms,BraTS-SSA-00191-000,/home/dell/software/BraTs Africa/BraTS-Africa Dataset/BraTS-Africa/51_OtherNeoplasms/BraTS-SSA-00191-000
test,51_OtherNeoplasms,BraTS-SSA-00089-000,/home/dell/software/BraTs Africa/BraTS-Africa Dataset/BraTS-Africa/51_OtherNeoplasms/BraTS-SSA-00089-000
test,51_OtherNeoplasms,BraTS-SSA-00105-000,/home/dell/software/BraTs Africa/BraTS-Africa Dataset/BraTS-Africa/51_OtherNeoplasms/BraTS-SSA-00105-000
test,51_OtherNeoplasms,BraTS-SSA-00124-000,/home/dell/software/BraTs Africa/BraTS-Africa Dataset/BraTS-Africa/51_OtherNeoplasms/BraTS-SSA-00124-000
test,51_OtherNeoplasms,BraTS-SSA-00128-000,/home/dell/software/BraTs Africa/BraTS-Africa Dataset/BraTS-Africa/51_OtherNeoplasms/BraTS-SSA-00128-000
test,51_OtherNeoplasms,BraTS-SSA-00149-000,/home/dell/software/BraTs Africa/BraTS-Africa Dataset/BraTS-Africa/51_OtherNeoplasms/BraTS-SSA-00149-000
test,51_OtherNeoplasms,BraTS-SSA-00222-000,/home/dell/software/BraTs Africa/BraTS-Africa Dataset/BraTS-Africa/51_OtherNeoplasms/BraTS-SSA-00222-000
test,51_OtherNeoplasms,BraTS-SSA-00018-000,/home/dell/software/BraTs Africa/BraTS-Africa Dataset/BraTS-Africa/51_OtherNeoplasms/BraTS-SSA-00018-000
test,51_OtherNeoplasms,BraTS-SSA-00091-000,/home/dell/software/BraTs Africa/BraTS-Africa Dataset/BraTS-Africa/51_OtherNeoplasms/BraTS-SSA-00091-000
test,51_OtherNeoplasms,BraTS-SSA-00203-000,/home/dell/software/BraTs Africa/BraTS-Africa Dataset/BraTS-Africa/51_OtherNeoplasms/BraTS-SSA-00203-000
train,95_Glioma,BraTS-SSA-00121-000,/home/dell/software/BraTs Africa/BraTS-Africa Dataset/BraTS-Africa/95_Glioma/BraTS-SSA-00121-000
train,95_Glioma,BraTS-SSA-00074-000,/home/dell/software/BraTs Africa/BraTS-Africa Dataset/BraTS-Africa/95_Glioma/BraTS-SSA-00074-000
train,95_Glioma,BraTS-SSA-00225-000,/home/dell/software/BraTs Africa/BraTS-Africa Dataset/BraTS-Africa/95_Glioma/BraTS-SSA-00225-000
train,95_Glioma,BraTS-SSA-00134-000,/home/dell/software/BraTs Africa/BraTS-Africa Dataset/BraTS-Africa/95_Glioma/BraTS-SSA-00134-000
train,95_Glioma,BraTS-SSA-00148-000,/home/dell/software/BraTs Africa/BraTS-Africa Dataset/BraTS-Africa/95_Glioma/BraTS-SSA-00148-000
train,95_Glioma,BraTS-SSA-00220-000,/home/dell/software/BraTs Africa/BraTS-Africa Dataset/BraTS-Africa/95_Glioma/BraTS-SSA-00220-000
train,95_Glioma,BraTS-SSA-00221-000,/home/dell/software/BraTs Africa/BraTS-Africa Dataset/BraTS-Africa/95_Glioma/BraTS-SSA-00221-000
train,95_Glioma,BraTS-SSA-00155-000,/home/dell/software/BraTs Africa/BraTS-Africa Dataset/BraTS-Africa/95_Glioma/BraTS-SSA-00155-000
train,95_Glioma,BraTS-SSA-00002-000,/home/dell/software/BraTs Africa/BraTS-Africa Dataset/BraTS-Africa/95_Glioma/BraTS-SSA-00002-000
train,95_Glioma,BraTS-SSA-00119-000,/home/dell/software/BraTs Africa/BraTS-Africa Dataset/BraTS-Africa/95_Glioma/BraTS-SSA-00119-000
train,95_Glioma,BraTS-SSA-00055-000,/home/dell/software/BraTs Africa/BraTS-Africa Dataset/BraTS-Africa/95_Glioma/BraTS-SSA-00055-000
train,95_Glioma,BraTS-SSA-00230-000,/home/dell/software/BraTs Africa/BraTS-Africa Dataset/BraTS-Africa/95_Glioma/BraTS-SSA-00230-000
train,95_Glioma,BraTS-SSA-00161-000,/home/dell/software/BraTs Africa/BraTS-Africa Dataset/BraTS-Africa/95_Glioma/BraTS-SSA-00161-000
train,95_Glioma,BraTS-SSA-00122-000,/home/dell/software/BraTs Africa/BraTS-Africa Dataset/BraTS-Africa/95_Glioma/BraTS-SSA-00122-000
train,95_Glioma,BraTS-SSA-00014-000,/home/dell/software/BraTs Africa/BraTS-Africa Dataset/BraTS-Africa/95_Glioma/BraTS-SSA-00014-000
train,95_Glioma,BraTS-SSA-00095-000,/home/dell/software/BraTs Africa/BraTS-Africa Dataset/BraTS-Africa/95_Glioma/BraTS-SSA-00095-000
train,95_Glioma,BraTS-SSA-00068-000,/home/dell/software/BraTs Africa/BraTS-Africa Dataset/BraTS-Africa/95_Glioma/BraTS-SSA-00068-000
train,95_Glioma,BraTS-SSA-00144-000,/home/dell/software/BraTs Africa/BraTS-Africa Dataset/BraTS-Africa/95_Glioma/BraTS-SSA-00144-000
train,95_Glioma,BraTS-SSA-00207-000,/home/dell/software/BraTs Africa/BraTS-Africa Dataset/BraTS-Africa/95_Glioma/BraTS-SSA-00207-000
train,95_Glioma,BraTS-SSA-00117-000,/home/dell/software/BraTs Africa/BraTS-Africa Dataset/BraTS-Africa/95_Glioma/BraTS-SSA-00117-000
train,95_Glioma,BraTS-SSA-00133-000,/home/dell/software/BraTs Africa/BraTS-Africa Dataset/BraTS-Africa/95_Glioma/BraTS-SSA-00133-000
train,95_Glioma,BraTS-SSA-00007-000,/home/dell/software/BraTs Africa/BraTS-Africa Dataset/BraTS-Africa/95_Glioma/BraTS-SSA-00007-000
train,95_Glioma,BraTS-SSA-00180-000,/home/dell/software/BraTs Africa/BraTS-Africa Dataset/BraTS-Africa/95_Glioma/BraTS-SSA-00180-000
train,95_Glioma,BraTS-SSA-00110-000,/home/dell/software/BraTs Africa/BraTS-Africa Dataset/BraTS-Africa/95_Glioma/BraTS-SSA-00110-000
train,95_Glioma,BraTS-SSA-00097-000,/home/dell/software/BraTs Africa/BraTS-Africa Dataset/BraTS-Africa/95_Glioma/BraTS-SSA-00097-000
train,95_Glioma,BraTS-SSA-00175-000,/home/dell/software/BraTs Africa/BraTS-Africa Dataset/BraTS-Africa/95_Glioma/BraTS-SSA-00175-000
train,95_Glioma,BraTS-SSA-00015-000,/home/dell/software/BraTs Africa/BraTS-Africa Dataset/BraTS-Africa/95_Glioma/BraTS-SSA-00015-000
train,95_Glioma,BraTS-SSA-00037-000,/home/dell/software/BraTs Africa/BraTS-Africa Dataset/BraTS-Africa/95_Glioma/BraTS-SSA-00037-000
train,95_Glioma,BraTS-SSA-00188-000,/home/dell/software/BraTs Africa/BraTS-Africa Dataset/BraTS-Africa/95_Glioma/BraTS-SSA-00188-000
train,95_Glioma,BraTS-SSA-00051-000,/home/dell/software/BraTs Africa/BraTS-Africa Dataset/BraTS-Africa/95_Glioma/BraTS-SSA-00051-000
train,95_Glioma,BraTS-SSA-00092-000,/home/dell/software/BraTs Africa/BraTS-Africa Dataset/BraTS-Africa/95_Glioma/BraTS-SSA-00092-000
train,95_Glioma,BraTS-SSA-00081-000,/home/dell/software/BraTs Africa/BraTS-Africa Dataset/BraTS-Africa/95_Glioma/BraTS-SSA-00081-000
train,95_Glioma,BraTS-SSA-00140-000,/home/dell/software/BraTs Africa/BraTS-Africa Dataset/BraTS-Africa/95_Glioma/BraTS-SSA-00140-000
train,95_Glioma,BraTS-SSA-00228-000,/home/dell/software/BraTs Africa/BraTS-Africa Dataset/BraTS-Africa/95_Glioma/BraTS-SSA-00228-000
train,95_Glioma,BraTS-SSA-00210-000,/home/dell/software/BraTs Africa/BraTS-Africa Dataset/BraTS-Africa/95_Glioma/BraTS-SSA-00210-000
train,95_Glioma,BraTS-SSA-00049-000,/home/dell/software/BraTs Africa/BraTS-Africa Dataset/BraTS-Africa/95_Glioma/BraTS-SSA-00049-000
train,95_Glioma,BraTS-SSA-00157-000,/home/dell/software/BraTs Africa/BraTS-Africa Dataset/BraTS-Africa/95_Glioma/BraTS-SSA-00157-000
train,95_Glioma,BraTS-SSA-00192-000,/home/dell/software/BraTs Africa/BraTS-Africa Dataset/BraTS-Africa/95_Glioma/BraTS-SSA-00192-000
train,95_Glioma,BraTS-SSA-00215-000,/home/dell/software/BraTs Africa/BraTS-Africa Dataset/BraTS-Africa/95_Glioma/BraTS-SSA-00215-000
train,95_Glioma,BraTS-SSA-00154-000,/home/dell/software/BraTs Africa/BraTS-Africa Dataset/BraTS-Africa/95_Glioma/BraTS-SSA-00154-000
train,95_Glioma,BraTS-SSA-00138-000,/home/dell/software/BraTs Africa/BraTS-Africa Dataset/BraTS-Africa/95_Glioma/BraTS-SSA-00138-000
train,95_Glioma,BraTS-SSA-00169-000,/home/dell/software/BraTs Africa/BraTS-Africa Dataset/BraTS-Africa/95_Glioma/BraTS-SSA-00169-000
train,95_Glioma,BraTS-SSA-00115-000,/home/dell/software/BraTs Africa/BraTS-Africa Dataset/BraTS-Africa/95_Glioma/BraTS-SSA-00115-000
train,95_Glioma,BraTS-SSA-00044-000,/home/dell/software/BraTs Africa/BraTS-Africa Dataset/BraTS-Africa/95_Glioma/BraTS-SSA-00044-000
train,95_Glioma,BraTS-SSA-00011-000,/home/dell/software/BraTs Africa/BraTS-Africa Dataset/BraTS-Africa/95_Glioma/BraTS-SSA-00011-000
train,95_Glioma,BraTS-SSA-00146-000,/home/dell/software/BraTs Africa/BraTS-Africa Dataset/BraTS-Africa/95_Glioma/BraTS-SSA-00146-000
train,95_Glioma,BraTS-SSA-00078-000,/home/dell/software/BraTs Africa/BraTS-Africa Dataset/BraTS-Africa/95_Glioma/BraTS-SSA-00078-000
test,95_Glioma,BraTS-SSA-00137-000,/home/dell/software/BraTs Africa/BraTS-Africa Dataset/BraTS-Africa/95_Glioma/BraTS-SSA-00137-000
test,95_Glioma,BraTS-SSA-00008-000,/home/dell/software/BraTs Africa/BraTS-Africa Dataset/BraTS-Africa/95_Glioma/BraTS-SSA-00008-000
test,95_Glioma,BraTS-SSA-00139-000,/home/dell/software/BraTs Africa/BraTS-Africa Dataset/BraTS-Africa/95_Glioma/BraTS-SSA-00139-000
test,95_Glioma,BraTS-SSA-00010-000,/home/dell/software/BraTs Africa/BraTS-Africa Dataset/BraTS-Africa/95_Glioma/BraTS-SSA-00010-000
test,95_Glioma,BraTS-SSA-00135-000,/home/dell/software/BraTs Africa/BraTS-Africa Dataset/BraTS-Africa/95_Glioma/BraTS-SSA-00135-000
test,95_Glioma,BraTS-SSA-00132-000,/home/dell/software/BraTs Africa/BraTS-Africa Dataset/BraTS-Africa/95_Glioma/BraTS-SSA-00132-000
test,95_Glioma,BraTS-SSA-00136-000,/home/dell/software/BraTs Africa/BraTS-Africa Dataset/BraTS-Africa/95_Glioma/BraTS-SSA-00136-000
test,95_Glioma,BraTS-SSA-00152-000,/home/dell/software/BraTs Africa/BraTS-Africa Dataset/BraTS-Africa/95_Glioma/BraTS-SSA-00152-000
test,95_Glioma,BraTS-SSA-00125-000,/home/dell/software/BraTs Africa/BraTS-Africa Dataset/BraTS-Africa/95_Glioma/BraTS-SSA-00125-000
test,95_Glioma,BraTS-SSA-00046-000,/home/dell/software/BraTs Africa/BraTS-Africa Dataset/BraTS-Africa/95_Glioma/BraTS-SSA-00046-000
test,95_Glioma,BraTS-SSA-00179-000,/home/dell/software/BraTs Africa/BraTS-Africa Dataset/BraTS-Africa/95_Glioma/BraTS-SSA-00179-000
test,95_Glioma,BraTS-SSA-00126-000,/home/dell/software/BraTs Africa/BraTS-Africa Dataset/BraTS-Africa/95_Glioma/BraTS-SSA-00126-000
test,95_Glioma,BraTS-SSA-00120-000,/home/dell/software/BraTs Africa/BraTS-Africa Dataset/BraTS-Africa/95_Glioma/BraTS-SSA-00120-000
test,95_Glioma,BraTS-SSA-00150-000,/home/dell/software/BraTs Africa/BraTS-Africa Dataset/BraTS-Africa/95_Glioma/BraTS-SSA-00150-000
test,95_Glioma,BraTS-SSA-00050-000,/home/dell/software/BraTs Africa/BraTS-Africa Dataset/BraTS-Africa/95_Glioma/BraTS-SSA-00050-000
test,95_Glioma,BraTS-SSA-00213-000,/home/dell/software/BraTs Africa/BraTS-Africa Dataset/BraTS-Africa/95_Glioma/BraTS-SSA-00213-000
test,95_Glioma,BraTS-SSA-00143-000,/home/dell/software/BraTs Africa/BraTS-Africa Dataset/BraTS-Africa/95_Glioma/BraTS-SSA-00143-000
test,95_Glioma,BraTS-SSA-00171-000,/home/dell/software/BraTs Africa/BraTS-Africa Dataset/BraTS-Africa/95_Glioma/BraTS-SSA-00171-000
test,95_Glioma,BraTS-SSA-00096-000,/home/dell/software/BraTs Africa/BraTS-Africa Dataset/BraTS-Africa/95_Glioma/BraTS-SSA-00096-000
test,95_Glioma,BraTS-SSA-00057-000,/home/dell/software/BraTs Africa/BraTS-Africa Dataset/BraTS-Africa/95_Glioma/BraTS-SSA-00057-000
test,95_Glioma,BraTS-SSA-00026-000,/home/dell/software/BraTs Africa/BraTS-Africa Dataset/BraTS-Africa/95_Glioma/BraTS-SSA-00026-000
test,95_Glioma,BraTS-SSA-00112-000,/home/dell/software/BraTs Africa/BraTS-Africa Dataset/BraTS-Africa/95_Glioma/BraTS-SSA-00112-000
test,95_Glioma,BraTS-SSA-00080-000,/home/dell/software/BraTs Africa/BraTS-Africa Dataset/BraTS-Africa/95_Glioma/BraTS-SSA-00080-000
test,95_Glioma,BraTS-SSA-00127-000,/home/dell/software/BraTs Africa/BraTS-Africa Dataset/BraTS-Africa/95_Glioma/BraTS-SSA-00127-000
test,95_Glioma,BraTS-SSA-00130-000,/home/dell/software/BraTs Africa/BraTS-Africa Dataset/BraTS-Africa/95_Glioma/BraTS-SSA-00130-000
test,95_Glioma,BraTS-SSA-00056-000,/home/dell/software/BraTs Africa/BraTS-Africa Dataset/BraTS-Africa/95_Glioma/BraTS-SSA-00056-000
test,95_Glioma,BraTS-SSA-00218-000,/home/dell/software/BraTs Africa/BraTS-Africa Dataset/BraTS-Africa/95_Glioma/BraTS-SSA-00218-000
test,95_Glioma,BraTS-SSA-00141-000,/home/dell/software/BraTs Africa/BraTS-Africa Dataset/BraTS-Africa/95_Glioma/BraTS-SSA-00141-000
test,95_Glioma,BraTS-SSA-00113-000,/home/dell/software/BraTs Africa/BraTS-Africa Dataset/BraTS-Africa/95_Glioma/BraTS-SSA-00113-000
test,95_Glioma,BraTS-SSA-00227-000,/home/dell/software/BraTs Africa/BraTS-Africa Dataset/BraTS-Africa/95_Glioma/BraTS-SSA-00227-000
test,95_Glioma,BraTS-SSA-00041-000,/home/dell/software/BraTs Africa/BraTS-Africa Dataset/BraTS-Africa/95_Glioma/BraTS-SSA-00041-000
test,95_Glioma,BraTS-SSA-00206-000,/home/dell/software/BraTs Africa/BraTS-Africa Dataset/BraTS-Africa/95_Glioma/BraTS-SSA-00206-000
test,95_Glioma,BraTS-SSA-00226-000,/home/dell/software/BraTs Africa/BraTS-Africa Dataset/BraTS-Africa/95_Glioma/BraTS-SSA-00226-000
test,95_Glioma,BraTS-SSA-00223-000,/home/dell/software/BraTs Africa/BraTS-Africa Dataset/BraTS-Africa/95_Glioma/BraTS-SSA-00223-000
test,95_Glioma,BraTS-SSA-00093-000,/home/dell/software/BraTs Africa/BraTS-Africa Dataset/BraTS-Africa/95_Glioma/BraTS-SSA-00093-000
test,95_Glioma,BraTS-SSA-00012-000,/home/dell/software/BraTs Africa/BraTS-Africa Dataset/BraTS-Africa/95_Glioma/BraTS-SSA-00012-000
test,95_Glioma,BraTS-SSA-00025-000,/home/dell/software/BraTs Africa/BraTS-Africa Dataset/BraTS-Africa/95_Glioma/BraTS-SSA-00025-000
test,95_Glioma,BraTS-SSA-00076-000,/home/dell/software/BraTs Africa/BraTS-Africa Dataset/BraTS-Africa/95_Glioma/BraTS-SSA-00076-000
test,95_Glioma,BraTS-SSA-00174-000,/home/dell/software/BraTs Africa/BraTS-Africa Dataset/BraTS-Africa/95_Glioma/BraTS-SSA-00174-000
test,95_Glioma,BraTS-SSA-00129-000,/home/dell/software/BraTs Africa/BraTS-Africa Dataset/BraTS-Africa/95_Glioma/BraTS-SSA-00129-000
test,95_Glioma,BraTS-SSA-00198-000,/home/dell/software/BraTs Africa/BraTS-Africa Dataset/BraTS-Africa/95_Glioma/BraTS-SSA-00198-000
test,95_Glioma,BraTS-SSA-00202-000,/home/dell/software/BraTs Africa/BraTS-Africa Dataset/BraTS-Africa/95_Glioma/BraTS-SSA-00202-000
test,95_Glioma,BraTS-SSA-00116-000,/home/dell/software/BraTs Africa/BraTS-Africa Dataset/BraTS-Africa/95_Glioma/BraTS-SSA-00116-000
test,95_Glioma,BraTS-SSA-00163-000,/home/dell/software/BraTs Africa/BraTS-Africa Dataset/BraTS-Africa/95_Glioma/BraTS-SSA-00163-000
test,95_Glioma,BraTS-SSA-00028-000,/home/dell/software/BraTs Africa/BraTS-Africa Dataset/BraTS-Africa/95_Glioma/BraTS-SSA-00028-000
test,95_Glioma,BraTS-SSA-00131-000,/home/dell/software/BraTs Africa/BraTS-Africa Dataset/BraTS-Africa/95_Glioma/BraTS-SSA-00131-000
test,95_Glioma,BraTS-SSA-00047-000,/home/dell/software/BraTs Africa/BraTS-Africa Dataset/BraTS-Africa/95_Glioma/BraTS-SSA-00047-000
test,95_Glioma,BraTS-SSA-00158-000,/home/dell/software/BraTs Africa/BraTS-Africa Dataset/BraTS-Africa/95_Glioma/BraTS-SSA-00158-000
